timesteps,betas,alpha_bars,snr_linear,snr_db,mse_to_x0,kl_to_unit
0,4.130602e-05,0.9999587,24208.547,43.839687,4.112465e-05,14377.24
1,4.6133995e-05,0.99991256,11435.412,40.58252,8.719586e-05,13225.572
2,5.096197e-05,0.9998616,7224.33,38.58798,0.00013796943,12520.349
3,5.5849552e-05,0.99980575,5146.9644,37.115513,0.0001938571,11999.754
4,6.067753e-05,0.9997451,3921.66,35.9347,0.00025520055,11582.307
5,6.556511e-05,0.99967957,3119.762,34.941216,0.00032070704,11231.121
6,7.045269e-05,0.9996091,2557.2825,34.07779,0.0003909755,10925.944
7,7.534027e-05,0.99953383,2144.1497,33.312553,0.00046528195,10655.504
8,8.016825e-05,0.99945366,1829.3749,32.623028,0.0005472946,10411.854
9,8.499622e-05,0.9993687,1583.1012,31.995087,0.00063072226,10189.996
10,8.98242e-05,0.99927896,1385.8906,31.417292,0.0007187232,9985.884
11,9.471178e-05,0.9991843,1224.9565,30.881207,0.0008176427,9796.538
12,9.9658966e-05,0.9990847,1091.5511,30.380442,0.0009145488,9619.696
13,0.00010442734,0.9989804,979.7796,29.911285,0.0010151064,9454.047
14,0.00010931492,0.9988712,884.9022,29.468954,0.0011304938,9297.896
15,0.000114142895,0.9987572,803.624,29.050531,0.0012454552,9150.215
16,0.00011909008,0.9986383,733.3612,28.65318,0.0013638719,9010.0
17,0.00012385845,0.99851453,672.18896,28.274916,0.0014885801,8876.546
18,0.00012880564,0.99838597,618.56555,27.913857,0.0016157129,8749.192
19,0.00013363361,0.9982525,571.2497,27.568262,0.0017535998,8627.32
20,0.00013846159,0.9981143,529.30365,27.23705,0.0018887079,8510.547
21,0.00014340878,0.9979712,491.89664,26.918737,0.002035429,8398.35
22,0.00014817715,0.9978233,458.4106,26.612547,0.0021842467,8290.452
23,0.00015312433,0.9976705,428.27145,26.317192,0.0023278557,8186.4
24,0.00015801191,0.9975129,401.07098,26.032211,0.0024931873,8086.03
25,0.00016278028,0.99735045,376.4232,25.756763,0.002639228,7989.044
26,0.00016772747,0.9971832,354.01324,25.490196,0.002823343,7895.211
27,0.00017261505,0.99701107,333.56738,25.231836,0.002990231,7804.294
28,0.00017744303,0.99683416,314.87183,24.981339,0.0031707454,7716.172
29,0.000182271,0.9966525,297.72897,24.738213,0.0033513738,7630.6675
30,0.00018721819,0.99646586,281.9544,24.501791,0.0035246299,7547.549
31,0.00019204617,0.99627453,267.42258,24.271982,0.0037160013,7466.782
32,0.00019699335,0.99607825,253.98839,24.04814,0.003893923,7388.1387
33,0.00020182133,0.9958772,241.55397,23.830143,0.004128684,7311.575
34,0.00020670891,0.99567133,230.01794,23.617619,0.004325441,7236.96
35,0.00021153688,0.99546075,219.30064,23.4104,0.004564752,7164.2344
36,0.00021648407,0.9952452,209.31459,23.207996,0.0047587594,7093.2246
37,0.00022131205,0.995025,200.00418,23.010391,0.0049518356,7023.925
38,0.00022619963,0.9947999,191.30444,22.817251,0.005202694,6956.217
39,0.00023108721,0.99457,183.16263,22.628368,0.0054265102,6890.028
40,0.00023597479,0.9943353,175.53166,22.443554,0.0056358054,6825.2915
41,0.00024086237,0.9940958,168.37102,22.262676,0.0059304535,6761.958
42,0.00024574995,0.99385154,161.64243,22.085554,0.0061443006,6699.967
43,0.00025069714,0.9936024,155.3085,21.911953,0.006403423,6639.235
44,0.0002554655,0.99334854,149.34291,21.741848,0.0066210493,6579.751
45,0.0002604127,0.99308985,143.71475,21.575014,0.0069036456,6521.4375
46,0.00026530027,0.9928264,138.40007,21.411364,0.0071713654,6464.2627
47,0.00027018785,0.9925581,133.37468,21.250734,0.0074306037,6408.169
48,0.00027507544,0.99228513,128.61986,21.09308,0.007739732,6353.1416
49,0.00027996302,0.9920073,124.1144,20.938223,0.00801416,6299.1157
50,0.0002849102,0.99172467,119.8411,20.786058,0.008301466,6246.054
51,0.00028973818,0.9914373,115.78581,20.636555,0.008581642,6193.9478
52,0.00029468536,0.9911452,111.933014,20.489582,0.0088193845,6142.7495
53,0.00029951334,0.9908483,108.26935,20.345057,0.009189,6092.428
54,0.00030452013,0.9905466,104.78187,20.202862,0.009452896,6042.9463
55,0.0003093481,0.99024016,101.46066,20.062979,0.009720381,5994.293
56,0.0003142953,0.9899289,98.29403,19.925272,0.010039966,5946.4233
57,0.00031918287,0.98961294,95.273605,19.789726,0.010404689,5899.3306
58,0.00032407045,0.98929226,92.39043,19.656271,0.010758753,5852.99
59,0.00032895803,0.9889668,89.63572,19.52481,0.011093944,5807.368
60,0.00033396482,0.98863655,87.00147,19.395267,0.011377834,5762.437
61,0.0003387332,0.98830163,84.48203,19.267643,0.011727747,5718.1973
62,0.00034374,0.98796195,82.069916,19.14184,0.012073606,5674.6147
63,0.00034862757,0.9876175,79.75909,19.017803,0.012398528,5631.669
64,0.00035351515,0.9872684,77.54465,18.89552,0.012721347,5589.3574
65,0.00035846233,0.98691446,75.420204,18.774878,0.0131565705,5547.6396
66,0.00036340952,0.9865558,73.3816,18.655872,0.013524408,5506.5127
67,0.0003683567,0.9861924,71.42391,18.538439,0.013702442,5465.9536
68,0.00037318468,0.9858244,69.543785,18.422585,0.014175014,5425.967
69,0.00037819147,0.9854515,67.7357,18.308178,0.0145529555,5386.506
70,0.00038307905,0.98507404,65.99738,18.195269,0.014852498,5347.587
71,0.00038802624,0.9846918,64.32446,18.083761,0.015297718,5309.1777
72,0.00039291382,0.9843049,62.714172,17.973658,0.015648225,5271.2764
73,0.0003979206,0.98391324,61.162933,17.864883,0.016083356,5233.8574
74,0.0004028678,0.9835169,59.668095,17.757423,0.016462544,5196.9165
75,0.00040775537,0.9831158,58.226944,17.651241,0.016812963,5160.442
76,0.00041270256,0.98271006,56.837112,17.546322,0.01720972,5124.425
77,0.00041764975,0.9822996,55.49598,17.442616,0.017786346,5088.8525
78,0.00042259693,0.98188454,54.201466,17.34011,0.018180113,5053.716
79,0.0004274845,0.9814648,52.95141,17.238775,0.018557247,5019.006
80,0.0004325509,0.98104024,51.743282,17.13854,0.01896134,4984.698
81,0.00043737888,0.98061115,50.576023,17.039448,0.019393247,4950.807
82,0.00044238567,0.98017734,49.447323,16.94143,0.019957524,4917.309
83,0.00044733286,0.9797389,48.35564,16.844471,0.02040166,4884.1997
84,0.00045228004,0.9792958,47.299355,16.748552,0.020830616,4851.4697
85,0.00045728683,0.978848,46.27681,16.653635,0.021109335,4819.1064
86,0.00046217442,0.9783956,45.286827,16.55972,0.021561857,4787.1113
87,0.0004671812,0.9779385,44.327778,16.466759,0.022192352,4755.467
88,0.0004721284,0.9774768,43.398617,16.37476,0.022538386,4724.174
89,0.00047713518,0.97701037,42.49787,16.283672,0.022909256,4693.218
90,0.00048208237,0.9765394,41.624607,16.193502,0.023472425,4662.5977
91,0.00048702955,0.9760638,40.777706,16.104229,0.02400323,4632.3086
92,0.00049203634,0.9755835,39.955902,16.01581,0.024517816,4602.335
93,0.0004969835,0.97509867,39.158497,15.92826,0.02507055,4572.6807
94,0.0005019903,0.9746092,38.38434,15.841541,0.02547377,4543.333
95,0.0005069375,0.97411513,37.63261,15.755644,0.025897518,4514.289
96,0.0005119443,0.9736164,36.902363,15.670543,0.026549056,4485.5396
97,0.0005169511,0.9731131,36.19286,15.586229,0.026859805,4457.082
98,0.00052189827,0.9726052,35.503315,15.50269,0.027252696,4428.9106
99,0.00052696466,0.9720927,34.832905,15.419897,0.027850667,4401.0166
100,0.00053185225,0.9715757,34.181137,15.337866,0.028310288,4373.4033
101,0.00053685904,0.9710541,33.54718,15.256561,0.028867774,4346.0605
102,0.00054192543,0.9705279,32.93038,15.175968,0.029402114,4318.9834
103,0.0005469322,0.96999705,32.330055,15.096065,0.030163143,4292.162
104,0.0005518794,0.96946174,31.745808,15.016863,0.030468196,4265.602
105,0.0005569458,0.9689218,31.176876,14.938327,0.031092979,4239.2896
106,0.000561893,0.96837735,30.622906,14.860464,0.031554308,4213.2285
107,0.0005668998,0.9678284,30.08331,14.783257,0.032237273,4187.412
108,0.0005719662,0.96727484,29.557533,14.706682,0.03284408,4161.833
109,0.00057697296,0.9667167,29.045103,14.63073,0.033355117,4136.4863
110,0.00058192015,0.96615416,28.545727,14.555411,0.03394738,4111.376
111,0.00058704615,0.965587,28.058804,14.480692,0.034494374,4086.491
112,0.00059205294,0.9650153,27.583918,14.406559,0.03505728,4061.8264
113,0.0005970597,0.96443915,27.120815,14.333028,0.03553336,4037.3867
114,0.0006021261,0.9638584,26.668966,14.260062,0.036226165,4013.1606
115,0.0006071329,0.9632732,26.228094,14.187668,0.036699362,3989.149
116,0.0006121993,0.96268356,25.79784,14.115834,0.037500836,3965.3486
117,0.0006172657,0.9620893,25.377777,14.044537,0.03788691,3941.7502
118,0.0006222129,0.9614907,24.967747,13.973794,0.038620993,3918.3618
119,0.0006273389,0.9608875,24.567268,13.903569,0.03921677,3895.169
120,0.0006324053,0.9602798,24.17612,13.833866,0.03956361,3872.1733
121,0.0006374121,0.95966774,23.79405,13.764685,0.04039114,3849.3748
122,0.00064247847,0.9590512,23.420734,13.696005,0.041074242,3826.7666
123,0.00064760447,0.95843005,23.05584,13.6278105,0.04157194,3804.3433
124,0.00065261126,0.9578046,22.699278,13.56012,0.042392932,3782.1113
125,0.00065767765,0.95717466,22.35066,13.492904,0.04288829,3760.059
126,0.00066274405,0.9565403,22.009815,13.426165,0.043519042,3738.1885
127,0.00066787004,0.95590144,21.67648,13.359888,0.044333383,3716.4941
128,0.00067293644,0.9552582,21.35046,13.294073,0.04483091,3694.9766
129,0.00067800283,0.9546105,21.03154,13.228711,0.0453841,3673.6318
130,0.00068306923,0.95395845,20.719513,13.163795,0.04629702,3652.4575
131,0.0006881356,0.953302,20.414206,13.099326,0.046911247,3631.4531
132,0.0006932616,0.9526411,20.115368,13.03528,0.047504384,3610.6123
133,0.0006983876,0.9519758,19.822845,12.97166,0.048171137,3589.9348
134,0.0007035136,0.9513061,19.536455,12.908458,0.04868058,3569.4175
135,0.0007085204,0.9506321,19.256075,12.845678,0.04975587,3549.063
136,0.000713706,0.9499536,18.981464,12.783298,0.05023785,3528.862
137,0.0007187128,0.94927084,18.71253,12.721325,0.051139392,3508.8179
138,0.0007238984,0.94858366,18.449072,12.659745,0.051395476,3488.926
139,0.0007290244,0.9478921,18.190958,12.5985565,0.05242482,3469.1846
140,0.0007341504,0.94719625,17.938047,12.537752,0.053347796,3449.5923
141,0.0007392764,0.946496,17.690195,12.477326,0.0535734,3430.1465
142,0.0007443428,0.9457915,17.447287,12.417279,0.054308467,3410.8472
143,0.0007494688,0.94508266,17.209187,12.357603,0.054824404,3391.6924
144,0.0007546544,0.94436944,16.975729,12.298285,0.05572703,3372.6763
145,0.0007597804,0.9436519,16.746832,12.239327,0.056384407,3353.8008
146,0.0007649064,0.9429301,16.522373,12.180724,0.05724851,3335.064
147,0.000770092,0.942204,16.302235,12.122471,0.058096934,3316.4631
148,0.000775218,0.94147354,16.08629,12.06456,0.059061587,3297.996
149,0.000780344,0.94073886,15.874463,12.0069895,0.059772164,3279.6626
150,0.0007855892,0.9399998,15.666616,11.949753,0.059979018,3261.459
151,0.0007906556,0.9392566,15.462696,11.892853,0.06079304,3243.3882
152,0.0007959008,0.9385091,15.26257,11.836277,0.06149251,3225.4446
153,0.0008010268,0.9377573,15.066145,11.780023,0.062445324,3207.6267
154,0.0008062124,0.9370013,14.873341,11.724086,0.06317856,3189.9346
155,0.00081145763,0.9362409,14.684038,11.668455,0.06410386,3172.364
156,0.000816524,0.9354765,14.498225,11.613149,0.06487991,3154.92
157,0.00082176924,0.9347077,14.315742,11.55814,0.065975785,3137.5942
158,0.00082695484,0.93393475,14.13655,11.503434,0.06640203,3120.3887
159,0.00083214045,0.9331576,13.960569,11.449032,0.0670622,3103.3027
160,0.00083738565,0.9323762,13.787694,11.394917,0.06776933,3086.331
161,0.00084257126,0.9315906,13.617878,11.341095,0.06859665,3069.476
162,0.00084775686,0.93080086,13.451046,11.287561,0.06935066,3052.7354
163,0.0008530021,0.93000686,13.287115,11.234307,0.07004801,3036.1072
164,0.0008581877,0.92920876,13.12604,11.181337,0.071090415,3019.5918
165,0.0008634329,0.9284064,12.967732,11.128641,0.072094105,3003.1855
166,0.0008686185,0.9276,12.81216,11.076223,0.07267662,2986.8909
167,0.0008739233,0.92678934,12.659214,11.024067,0.07383402,2970.7017
168,0.0008791685,0.92597455,12.508867,10.97218,0.07412717,2954.6199
169,0.0008843541,0.92515564,12.36106,10.920557,0.07562958,2938.6448
170,0.0008895993,0.9243326,12.2157345,10.869197,0.07604537,2922.7742
171,0.00089484453,0.9235055,12.072833,10.818092,0.07713222,2907.0078
172,0.00090008974,0.92267424,11.932301,10.7672415,0.07763971,2891.3438
173,0.00090539455,0.9218389,11.794085,10.716643,0.07877609,2875.7812
174,0.00091063976,0.9209994,11.658133,10.66629,0.07984335,2860.3186
175,0.000915885,0.9201559,11.524405,10.616184,0.08022708,2844.956
176,0.0009211898,0.91930825,11.39284,10.56632,0.08137475,2829.6914
177,0.000926435,0.91845655,11.263401,10.516696,0.08181516,2814.5244
178,0.0009317398,0.9176008,11.136042,10.467309,0.082954764,2799.454
179,0.0009370446,0.91674095,11.010707,10.418152,0.08344127,2784.478
180,0.00094234943,0.9158771,10.88737,10.369229,0.0846812,2769.598
181,0.00094765425,0.91500914,10.765971,10.320532,0.08542713,2754.8093
182,0.00095295906,0.9141372,10.646485,10.272063,0.08623499,2740.1143
183,0.0009582639,0.9132612,10.528863,10.223814,0.08717242,2725.5107
184,0.0009635091,0.9123813,10.413088,10.175796,0.08796537,2711.0
185,0.0009689331,0.91149724,10.299082,10.127985,0.08905167,2696.5767
186,0.0009741783,0.91060925,10.186839,10.080395,0.0898252,2682.2434
187,0.0009795427,0.90971726,10.076315,10.033017,0.09100065,2667.9983
188,0.0009848475,0.90882134,9.967479,9.985853,0.09152441,2653.8408
189,0.000990212,0.90792143,9.860291,9.938897,0.092374794,2639.7703
190,0.0009955168,0.9070176,9.754723,9.892149,0.093567,2625.7854
191,0.0010008812,0.90610975,9.650733,9.845603,0.094654836,2611.8853
192,0.0010062456,0.905198,9.548298,9.79926,0.09555112,2598.0688
193,0.00101161,0.9042823,9.447386,9.753117,0.09591983,2584.3364
194,0.0010169148,0.9033627,9.34797,9.707173,0.09745561,2570.687
195,0.0010223985,0.9024391,9.25001,9.661423,0.09841726,2557.1184
196,0.0010277629,0.9015116,9.153481,9.615863,0.09877785,2543.6301
197,0.0010330677,0.9005803,9.058368,9.570499,0.09984955,2530.224
198,0.0010384917,0.89964503,8.964628,9.525323,0.100733116,2516.8967
199,0.0010439157,0.8987059,8.872243,9.480334,0.10218893,2503.6484
200,0.0010493398,0.89776284,8.781178,9.435528,0.102576874,2490.4778
201,0.0010547042,0.89681596,8.691421,9.390908,0.10408874,2477.3848
202,0.0010601282,0.8958652,8.602938,9.346468,0.10507369,2464.3691
203,0.0010654926,0.8949107,8.515716,9.302212,0.10575824,2451.4302
204,0.0010709763,0.89395225,8.429714,9.258129,0.106888354,2438.566
205,0.0010764003,0.89299,8.34492,9.214222,0.107964166,2425.7761
206,0.0010818243,0.892024,8.261315,9.170492,0.10934289,2413.0618
207,0.0010872483,0.8910541,8.178867,9.126932,0.10971687,2400.4202
208,0.001092732,0.8900804,8.097558,9.083541,0.11138189,2387.851
209,0.001098156,0.889103,8.017376,9.040322,0.111741856,2375.356
210,0.00110358,0.8881218,7.9382906,8.99727,0.11312362,2362.9314
211,0.0011090636,0.8871368,7.8602853,8.954383,0.11331515,2350.5786
212,0.0011145473,0.88614804,7.7833357,8.911658,0.11500244,2338.295
213,0.0011200309,0.8851555,7.707426,8.869094,0.11564087,2326.082
214,0.0011255145,0.88415927,7.632542,8.826693,0.116404444,2313.9385
215,0.0011309981,0.8831593,7.55866,8.784448,0.1175327,2301.8635
216,0.0011364222,0.88215566,7.48577,8.742365,0.11838068,2289.858
217,0.0011419654,0.8811483,7.4138455,8.700436,0.11966857,2277.9194
218,0.0011475086,0.88013715,7.3428683,8.658658,0.12119565,2266.047
219,0.0011529326,0.8791224,7.2728295,8.617034,0.122541904,2254.2422
220,0.0011585355,0.8781039,7.2037086,8.575562,0.12276137,2242.503
221,0.0011640191,0.87708175,7.1354885,8.534237,0.12415254,2230.829
222,0.001169622,0.8760559,7.068153,8.493059,0.12511903,2219.2197
223,0.0011751056,0.87502646,7.001694,8.452032,0.1262884,2207.676
224,0.0011805892,0.8739934,6.936092,8.411149,0.12706494,2196.1963
225,0.001186192,0.8729567,6.8713317,8.370409,0.12813208,2184.7793
226,0.0011917949,0.8719163,6.8073945,8.32981,0.1291634,2173.425
227,0.0011973381,0.8708723,6.7442727,8.289351,0.13056684,2162.1333
228,0.0012029409,0.8698247,6.681949,8.249032,0.13128841,2150.9033
229,0.0012084842,0.8687735,6.6204133,8.208851,0.13239846,2139.7349
230,0.001214087,0.86771876,6.559651,8.168807,0.13343343,2128.6274
231,0.0012195706,0.86666054,6.4996552,8.128903,0.13437513,2117.582
232,0.0012252927,0.8655986,6.4403996,8.0891285,0.13577351,2106.5952
233,0.0012308359,0.8645332,6.3818817,8.049487,0.13749433,2095.6685
234,0.0012364388,0.86346424,6.3240886,8.009979,0.13779432,2084.8013
235,0.0012421012,0.86239177,6.2670074,7.9706025,0.13799621,2073.9924
236,0.001247704,0.8613157,6.210623,7.9313517,0.14004219,2063.2417
237,0.0012533665,0.8602362,6.15493,7.8922315,0.14123425,2052.5493
238,0.0012589693,0.8591532,6.0999136,7.853237,0.14296539,2041.914
239,0.0012646317,0.8580667,6.045562,7.814367,0.14294152,2031.3354
240,0.0012702942,0.8569767,5.991867,7.775622,0.1447041,2020.8137
241,0.001275897,0.85588324,5.9388185,7.7370005,0.14563777,2010.3481
242,0.0012816191,0.85478634,5.8864045,7.6985016,0.1470857,1999.9384
243,0.0012873411,0.853686,5.8346148,7.660122,0.14777917,1989.5841
244,0.001292944,0.85258216,5.783439,7.6218624,0.14915496,1979.2844
245,0.001298666,0.85147494,5.7328706,7.583722,0.14980519,1969.0393
246,0.001304388,0.8503643,5.6828985,7.5456996,0.15023655,1958.8489
247,0.0013100505,0.8492503,5.633513,7.5077934,0.15245116,1948.7119
248,0.0013157725,0.84813285,5.5847025,7.4700003,0.1544079,1938.6283
249,0.0013214946,0.84701204,5.5364623,7.4323235,0.15465605,1928.5977
250,0.0013272762,0.84588784,5.4887805,7.394759,0.15555152,1918.6196
251,0.0013329387,0.84476036,5.4416537,7.357309,0.1566568,1908.6946
252,0.0013387203,0.8436294,5.395065,7.3199673,0.1591495,1898.8203
253,0.0013444424,0.8424952,5.349013,7.282737,0.15989664,1888.9984
254,0.001350224,0.84135765,5.303487,7.245615,0.16131312,1879.2274
255,0.0013560057,0.84021676,5.2584786,7.208601,0.16163726,1869.5071
256,0.0013616681,0.8390727,5.2139864,7.1716995,0.16269141,1859.8386
257,0.0013675094,0.83792526,5.169993,7.1349,0.16404176,1850.2192
258,0.0013733506,0.83677447,5.1264925,7.098203,0.16468531,1840.6492
259,0.0013790131,0.8356206,5.0834866,7.061617,0.16651765,1831.1301
260,0.0013850331,0.8344632,5.040952,7.0251255,0.16686389,1821.658
261,0.0013906956,0.8333027,4.9988966,6.988742,0.16910774,1812.2358
262,0.0013965368,0.83213896,4.9573083,6.95246,0.17032179,1802.8625
263,0.0014024377,0.83097196,4.916178,6.916276,0.17085719,1793.5369
264,0.0014081597,0.8298018,4.8755026,6.8801937,0.17240319,1784.2594
265,0.0014140606,0.8286284,4.8352733,6.84421,0.1733744,1775.0295
266,0.0014199615,0.82745177,4.7954807,6.8083215,0.1749147,1765.846
267,0.0014258623,0.82627195,4.756123,6.7725315,0.17561445,1756.7092
268,0.0014315844,0.8250891,4.7171965,6.7368402,0.17714363,1747.6205
269,0.0014376044,0.8239029,4.678685,6.7012386,0.17800552,1738.5764
270,0.0014434457,0.8227137,4.640593,6.665735,0.1792547,1729.5792
271,0.0014492869,0.82152134,4.602911,6.630326,0.18179344,1720.628
272,0.0014552474,0.8203258,4.565629,6.5950065,0.18198083,1711.7216
273,0.0014612079,0.81912714,4.5287457,6.5597796,0.18348625,1702.86
274,0.0014670491,0.81792545,4.4922557,6.524645,0.18450977,1694.044
275,0.0014728904,0.8167207,4.4561543,6.489602,0.18567547,1685.2726
276,0.00147897,0.81551284,4.420431,6.4546466,0.18755543,1676.545
277,0.0014848709,0.8143019,4.385085,6.4197803,0.18806607,1667.8613
278,0.0014908314,0.8130879,4.3501077,6.3849998,0.1896477,1659.2212
279,0.0014967918,0.8118709,4.315498,6.3503094,0.19079776,1650.6248
280,0.0015027523,0.8106508,4.281248,6.315704,0.1916258,1642.0713
281,0.0015087724,0.80942774,4.2473536,6.2811847,0.19374457,1633.5608
282,0.0015146732,0.80820173,4.2138114,6.246752,0.19519545,1625.0934
283,0.0015208125,0.8069726,4.180612,6.212399,0.19548328,1616.6676
284,0.001526773,0.80574054,4.147754,6.17813,0.19728422,1608.2839
285,0.001532793,0.8045055,4.115234,6.1439457,0.19812085,1599.9421
286,0.0015388131,0.80326754,4.083045,6.1098423,0.20089138,1591.6418
287,0.0015447736,0.8020267,4.051186,6.075822,0.20075695,1583.3833
288,0.0015508533,0.80078286,4.0196486,6.0418806,0.20264176,1575.1655
289,0.0015569925,0.79953605,3.988428,6.0080175,0.20387714,1566.9885
290,0.0015630126,0.7982863,3.957522,5.9742336,0.20412487,1558.8516
291,0.0015690327,0.7970338,3.9269283,5.94053,0.2065789,1550.7559
292,0.001575172,0.79577833,3.89664,5.9069033,0.20757657,1542.6998
293,0.0015812516,0.79452,3.8666542,5.8733535,0.20728864,1534.6836
294,0.0015873909,0.7932588,3.8369648,5.839878,0.20939216,1526.7065
295,0.0015934706,0.79199475,3.807571,5.80648,0.21168977,1518.769
296,0.0015995502,0.7907279,3.7784681,5.7731576,0.21258584,1510.8712
297,0.0016058087,0.78945816,3.7496498,5.7399073,0.21544433,1503.0115
298,0.0016118288,0.7881857,3.721117,5.7067337,0.21621227,1495.1912
299,0.0016180277,0.7869104,3.692862,5.6736307,0.21813148,1487.4089
300,0.0016242266,0.78563225,3.6648808,5.6405983,0.21817245,1479.6643
301,0.0016303062,0.78435147,3.637175,5.6076427,0.21751519,1471.9587
302,0.0016366243,0.78306776,3.6097345,5.574753,0.21868216,1464.29
303,0.0016427636,0.7817814,3.5825603,5.5419354,0.22135799,1456.6588
304,0.0016489029,0.7804923,3.555649,5.5091896,0.22304596,1449.0656
305,0.0016551614,0.77920043,3.5289943,5.476509,0.22386557,1441.5088
306,0.0016614199,0.7779059,3.5025957,5.4439,0.22659522,1433.9894
307,0.0016676188,0.7766086,3.4764478,5.4113574,0.22639573,1426.5061
308,0.0016738772,0.77530867,3.45055,5.3788834,0.22986515,1419.0598
309,0.0016801357,0.77400607,3.4248977,5.3464756,0.22898825,1411.6499
310,0.0016863346,0.7727008,3.3994873,5.3141346,0.2308359,1404.2755
311,0.0016926527,0.7713929,3.374317,5.281859,0.2327798,1396.9374
312,0.0016989708,0.7700823,3.3493824,5.2496476,0.23348697,1389.6346
313,0.0017052293,0.76876915,3.3246825,5.217502,0.23378897,1382.3674
314,0.0017115474,0.7674534,3.3002129,5.18542,0.2352173,1375.1355
315,0.0017179251,0.7661349,3.2759697,5.153399,0.2366859,1367.9385
316,0.001724124,0.764814,3.251954,5.1214447,0.23995152,1360.7767
317,0.0017305613,0.7634905,3.22816,5.0895505,0.2403726,1353.6495
318,0.0017368793,0.76216435,3.2045841,5.057717,0.2424577,1346.5562
319,0.0017431974,0.76083577,3.1812272,5.025947,0.24335574,1339.4977
320,0.0017496347,0.7595046,3.158084,4.994237,0.24523345,1332.4733
321,0.001756072,0.75817084,3.1351507,4.962584,0.2457028,1325.4824
322,0.0017623901,0.7568347,3.1124287,4.9309945,0.24793142,1318.5256
323,0.0017688274,0.75549597,3.0899122,4.8994617,0.24975139,1311.602
324,0.0017752647,0.75415474,3.0675993,4.8679867,0.2509965,1304.7118
325,0.0017816424,0.75281113,3.0454895,4.836571,0.25216544,1297.8551
326,0.0017880797,0.751465,3.0235786,4.805213,0.25270668,1291.0308
327,0.001794517,0.7501165,3.0018654,4.773912,0.25513875,1284.2399
328,0.0018010736,0.74876547,2.9803445,4.742665,0.25494596,1277.4811
329,0.0018075109,0.7474121,2.9590175,4.711475,0.25832683,1270.7551
330,0.0018138885,0.7460564,2.937882,4.6803436,0.2585281,1264.0618
331,0.0018205047,0.74469817,2.9169323,4.649264,0.26007497,1257.3999
332,0.0018270016,0.7433376,2.8961682,4.618238,0.26134658,1250.77
333,0.0018335581,0.74197465,2.8755882,4.587267,0.2630266,1244.1721
334,0.001840055,0.74060935,2.855189,4.556349,0.26485014,1237.6053
335,0.0018466115,0.7392418,2.8349702,4.525485,0.26608604,1231.0706
336,0.001853168,0.7378718,2.8149276,4.4946723,0.26783407,1224.5667
337,0.0018597245,0.7364996,2.7950609,4.4639125,0.26923752,1218.0941
338,0.001866281,0.73512506,2.7753665,4.4332037,0.26938137,1211.6523
339,0.0018729568,0.7337482,2.7558432,4.4025455,0.27062652,1205.2411
340,0.0018794537,0.7323692,2.7364905,4.371939,0.27047187,1198.8612
341,0.001886189,0.7309878,2.7173033,4.341381,0.27541965,1192.511
342,0.0018927455,0.7296042,2.698282,4.3108735,0.2759546,1186.1912
343,0.0018993616,0.72821844,2.6794255,4.280417,0.2785501,1179.9022
344,0.0019060969,0.72683036,2.660729,4.250006,0.27811205,1173.6423
345,0.0019127727,0.7254401,2.6421924,4.2196445,0.2801837,1167.4125
346,0.0019193888,0.7240477,2.623815,4.1893325,0.28146732,1161.2129
347,0.0019261241,0.7226531,2.6055927,4.1590652,0.28316194,1155.0422
348,0.001932919,0.72125626,2.5875244,4.1288447,0.28414956,1148.9006
349,0.0019394755,0.7198574,2.5696106,4.0986733,0.2867059,1142.7891
350,0.0019463897,0.71845627,2.551846,4.068545,0.2879058,1136.7058
351,0.0019530058,0.7170531,2.5342321,4.038464,0.2886443,1130.652
352,0.0019598007,0.7156479,2.5167663,4.008429,0.29064256,1124.6267
353,0.001966536,0.7142405,2.4994462,3.978438,0.29021275,1118.6301
354,0.001973331,0.7128311,2.482271,3.9484918,0.29317516,1112.6624
355,0.0019801855,0.7114195,2.4652379,3.9185884,0.29592067,1106.7223
356,0.0019869804,0.71000594,2.4483464,3.8887286,0.29631335,1100.8105
357,0.001993835,0.7085903,2.431595,3.858913,0.29690397,1094.9272
358,0.00200063,0.7071727,2.414982,3.8291392,0.29696876,1089.0715
359,0.0020074844,0.705753,2.3985057,3.7994077,0.30280173,1083.2437
360,0.002014339,0.70433146,2.3821657,3.7697198,0.301365,1077.4436
361,0.002021253,0.7029078,2.3659585,3.7400713,0.3041922,1071.6707
362,0.0020281672,0.7014822,2.3498838,3.710464,0.30447084,1065.9252
363,0.0020350218,0.70005465,2.3339405,3.680898,0.30650836,1060.2073
364,0.0020420551,0.6986251,2.3181262,3.6513708,0.30831707,1054.5159
365,0.00204885,0.69719374,2.3024416,3.6218863,0.31141788,1048.852
366,0.0020558834,0.69576037,2.2868829,3.5924392,0.31103164,1043.2147
367,0.0020628572,0.69432515,2.27145,3.563032,0.31381088,1037.6041
368,0.0020697713,0.692888,2.2561414,3.5336635,0.3152637,1032.02
369,0.0020768642,0.691449,2.240955,3.5043316,0.3157662,1026.4622
370,0.0020837784,0.69000816,2.2258914,3.4750395,0.31821293,1020.9311
371,0.002090931,0.68856543,2.2109473,3.4457839,0.31857008,1015.4257
372,0.002097845,0.6871209,2.196123,3.4165664,0.32078868,1009.94653
373,0.002104938,0.68567455,2.181416,3.387385,0.32079256,1004.4934
374,0.0021119714,0.68422645,2.1668265,3.3582413,0.3229577,999.06616
375,0.0021190643,0.6827765,2.1523516,3.329132,0.32552063,993.66437
376,0.002126217,0.6813248,2.1379912,3.300059,0.32675815,988.288
377,0.0021333694,0.67987126,2.1237433,3.2710204,0.3278392,982.9371
378,0.0021404624,0.678416,2.1096075,3.2420168,0.32865918,977.6114
379,0.0021474957,0.67695916,2.095584,3.2130506,0.33301055,972.31134
380,0.0021548867,0.67550033,2.0816672,3.184113,0.3324873,967.0356
381,0.00216192,0.67403996,2.0678606,3.1552126,0.33507836,961.7851
382,0.0021690726,0.6725779,2.0541618,3.1263466,0.33556783,956.5596
383,0.0021763444,0.6711142,2.040569,3.097513,0.33758074,951.35876
384,0.002183497,0.6696488,2.0270817,3.0687127,0.33668584,946.1826
385,0.0021908283,0.6681817,2.0136976,3.0399427,0.3397831,941.0305
386,0.0021979809,0.66671306,2.0004175,3.0112066,0.342322,935.9032
387,0.0022054315,0.6652427,1.9872385,2.9825,0.34485465,930.7995
388,0.0022125244,0.6637708,1.9741616,2.9538271,0.34696466,925.7205
389,0.0022198558,0.6622973,1.9611846,2.925185,0.34573746,920.6653
390,0.0022272468,0.6608222,1.9483063,2.8965724,0.347655,915.6339
391,0.0022345185,0.6593456,1.9355267,2.867992,0.35085705,910.6266
392,0.0022419095,0.65786743,1.9228437,2.8394399,0.35147867,905.6426
393,0.0022493005,0.6563877,1.9102566,2.8109171,0.35173604,900.68225
394,0.0022566319,0.65490645,1.897765,2.7824247,0.3532572,895.7454
395,0.0022640228,0.6534237,1.8853678,2.7539608,0.355242,890.8318
396,0.002271533,0.65193945,1.8730633,2.7255247,0.35852972,885.94116
397,0.0022788644,0.6504538,1.8608522,2.6971188,0.35829732,881.0742
398,0.002286315,0.6489666,1.8487319,2.6687393,0.3623888,876.2298
399,0.0022938251,0.64747804,1.8367027,2.640389,0.36319083,871.40875
400,0.0023013353,0.6459879,1.8247625,2.6120636,0.36304903,866.61
401,0.0023088455,0.64449644,1.8129114,2.5837657,0.36596158,861.834
402,0.002316296,0.64300364,1.801149,2.5554965,0.36831892,857.08105
403,0.0023239255,0.64150935,1.789473,2.5272517,0.36806864,852.35
404,0.002331376,0.64001375,1.7778839,2.499034,0.37094885,847.6416
405,0.0023389459,0.6385168,1.7663802,2.470842,0.3726003,842.9557
406,0.0023465753,0.63701844,1.7549609,2.4426746,0.37244982,838.2915
407,0.002354145,0.6355188,1.7436256,2.4145324,0.37600935,833.64954
408,0.0023618937,0.63401777,1.7323731,2.3864145,0.37546617,829.0296
409,0.0023694634,0.6325155,1.7212031,2.3583212,0.37844005,824.4314
410,0.0023771524,0.6310119,1.7101145,2.3302517,0.3798864,819.8552
411,0.0023847222,0.6295071,1.6991073,2.302208,0.38109022,815.3006
412,0.0023924708,0.62800103,1.6881795,2.2741861,0.38482153,810.76746
413,0.0024002194,0.6264937,1.677331,2.2461877,0.38559246,806.2559
414,0.002407968,0.62498516,1.6665611,2.2182126,0.38630217,801.76575
415,0.0024157166,0.6234754,1.6558688,2.1902592,0.39021623,797.2967
416,0.0024234653,0.6219644,1.6452535,2.1623282,0.39316487,792.84894
417,0.0024312735,0.6204522,1.6347145,2.134419,0.39178008,788.4221
418,0.002439022,0.6189389,1.6242512,2.106532,0.3920998,784.0165
419,0.0024468303,0.6174245,1.6138631,2.078667,0.397179,779.6319
420,0.002454877,0.6159088,1.6035483,2.0508206,0.4002132,775.26764
421,0.0024625063,0.6143921,1.5933079,2.022997,0.3976266,770.92444
422,0.002470553,0.6128742,1.5831397,1.9951923,0.400828,766.6016
423,0.0024784207,0.61135525,1.5730438,1.9674082,0.4003305,762.29944
424,0.0024863482,0.6098352,1.5630195,1.9396441,0.40376562,758.0176
425,0.0024942756,0.6083141,1.5530661,1.9118996,0.40464848,753.7561
426,0.002502203,0.606792,1.5431831,1.8841746,0.40633655,749.5151
427,0.0025102496,0.6052688,1.5333694,1.856468,0.40815264,745.2938
428,0.0025182366,0.60374457,1.5236247,1.82878,0.4092018,741.09283
429,0.0025262833,0.60221934,1.5139483,1.8011105,0.41078043,736.912
430,0.0025342703,0.60069317,1.5043398,1.7734594,0.41184044,732.751
431,0.0025424957,0.5991659,1.4947978,1.7458247,0.41174597,728.6094
432,0.0025503635,0.59763783,1.4853231,1.7182093,0.4162767,724.48785
433,0.002558589,0.5961087,1.4759135,1.6906092,0.41865936,720.3857
434,0.0025667548,0.5945786,1.4665695,1.6630267,0.41873616,716.3033
435,0.002574861,0.5930477,1.4572903,1.6354607,0.4218137,712.2401
436,0.0025830865,0.5915158,1.4480749,1.6079104,0.42238995,708.1964
437,0.0025910735,0.5899831,1.4389238,1.580378,0.42479238,704.17224
438,0.0025994182,0.58844954,1.4298357,1.5528613,0.42768964,700.1671
439,0.0026076436,0.586915,1.4208094,1.5253581,0.4280261,696.1809
440,0.0026159883,0.58537966,1.411845,1.4978701,0.42879838,692.2136
441,0.002624154,0.5838435,1.4029423,1.4703982,0.43044275,688.2656
442,0.0026323795,0.5823067,1.394101,1.4429425,0.4318092,684.33655
443,0.002640903,0.5807688,1.3853188,1.4154972,0.43701306,680.4259
444,0.0026491284,0.5792303,1.376597,1.3880684,0.4363911,676.5341
445,0.0026575923,0.57769096,1.3679341,1.3606519,0.4368293,672.6608
446,0.0026658177,0.57615095,1.3593305,1.3332508,0.43785334,668.8063
447,0.0026743412,0.5746101,1.3507847,1.3058612,0.44107985,664.96985
448,0.0026826859,0.5730686,1.3422968,1.2784858,0.44275516,661.15216
449,0.0026911497,0.5715264,1.3338661,1.2511225,0.44412482,657.3527
450,0.0026997924,0.56998336,1.3254914,1.2237693,0.44723985,653.57086
451,0.0027080178,0.56843984,1.3171741,1.1964318,0.44828182,649.8079
452,0.0027168393,0.5668955,1.3089116,1.169103,0.44950116,646.0624
453,0.002725184,0.5653506,1.3007048,1.1417875,0.45132956,642.33527
454,0.002733767,0.5638051,1.2925532,1.1144843,0.45371696,638.62604
455,0.00274235,0.5622589,1.2844553,1.08719,0.45429647,634.9345
456,0.0027509332,0.56071216,1.2764118,1.059908,0.45695972,631.2606
457,0.002759695,0.5591648,1.2684215,1.032636,0.4568997,627.6046
458,0.0027682781,0.5576169,1.2604841,1.0053737,0.46092802,623.966
459,0.00277704,0.55606836,1.2525991,0.9781211,0.462388,620.34485
460,0.002785623,0.55451936,1.2447665,0.95087886,0.46425214,616.74133
461,0.0027945042,0.55296975,1.2369851,0.9236446,0.4636255,613.1549
462,0.0028032064,0.5514197,1.2292552,0.89642054,0.4680397,609.58594
463,0.0028119087,0.5498691,1.2215761,0.8692053,0.47032455,606.03406
464,0.0028208494,0.548318,1.2139472,0.8419979,0.4668684,602.4994
465,0.0028296113,0.54676646,1.2063681,0.8147984,0.4720602,598.9816
466,0.0028384924,0.5452145,1.1988387,0.78760755,0.47263363,595.48096
467,0.0028473139,0.5436621,1.1913584,0.7604245,0.47333276,591.9973
468,0.0028563142,0.54210925,1.183927,0.7332495,0.47790468,588.5304
469,0.0028651953,0.54055595,1.1765436,0.70608026,0.4786435,585.0801
470,0.0028741956,0.5390023,1.1692082,0.6789184,0.48112488,581.6466
471,0.0028831363,0.5374483,1.1619204,0.6517639,0.4836932,578.22974
472,0.0028921366,0.5358939,1.1546798,0.6246156,0.48570412,574.8296
473,0.0029013157,0.53433913,1.1474856,0.5974725,0.48716,571.44556
474,0.0029101968,0.5327841,1.1403382,0.5703367,0.48723567,568.0781
475,0.002919495,0.53122866,1.1332362,0.5432043,0.48802137,564.7271
476,0.0029284358,0.529673,1.1261802,0.5160788,0.48835433,561.3922
477,0.002937615,0.528117,1.1191694,0.4889581,0.49067393,558.0735
478,0.0029467344,0.5265608,1.1122036,0.46184298,0.4946867,554.7712
479,0.0029560328,0.52500427,1.1052821,0.43473125,0.4946995,551.4846
480,0.0029652119,0.5234475,1.0984048,0.4076241,0.5009111,548.2142
481,0.002974391,0.5218906,1.0915715,0.3805217,0.49745834,544.9597
482,0.0029838085,0.52033335,1.0847812,0.3534214,0.5029958,541.7208
483,0.0029931068,0.51877594,1.078034,0.32632476,0.50147915,538.4979
484,0.0030024648,0.5172183,1.0713295,0.29923055,0.5038658,535.2905
485,0.0030117035,0.5156606,1.0646678,0.27214128,0.5046892,532.099
486,0.0030210614,0.51410276,1.0580484,0.24505523,0.50736,528.9232
487,0.0030306578,0.5125447,1.0514702,0.21796954,0.50738037,525.7626
488,0.003039956,0.51098657,1.0449336,0.19088678,0.5111405,522.61755
489,0.003049612,0.50942826,1.0384378,0.16380507,0.51254,519.488
490,0.0030590296,0.5078699,1.031983,0.13672552,0.5155762,516.3736
491,0.003068447,0.50631154,1.0255688,0.10964818,0.5127612,513.27454
492,0.003078103,0.50475305,1.0191947,0.08257166,0.5197855,510.19077
493,0.003087759,0.5031945,1.0128602,0.05549497,0.5181283,507.12183
494,0.0030972958,0.50163597,1.0065653,0.028419685,0.52237284,504.0682
495,0.0031070113,0.50007737,1.0003095,0.0013437915,0.52172196,501.02936
496,0.0031166077,0.49851882,0.9940928,-0.02573062,0.5233637,498.00565
497,0.0031263828,0.49696028,0.9879146,-0.05280587,0.5280336,494.9968
498,0.0031362772,0.49540165,0.98177415,-0.07988407,0.5290172,492.00238
499,0.0031455755,0.49384335,0.9756729,-0.106957585,0.5291153,489.02332
500,0.003155768,0.4922849,0.96960855,-0.13403566,0.53139865,486.05865
501,0.0031654835,0.49072656,0.96358174,-0.1611144,0.5322764,483.10846
502,0.0031756163,0.4891682,0.9575915,-0.18819731,0.53319144,480.1728
503,0.0031852126,0.4876101,0.95163876,-0.21527879,0.5351419,477.25177
504,0.0031953454,0.486052,0.9457222,-0.24236408,0.538148,474.34515
505,0.0032048821,0.48449427,0.93984264,-0.26944855,0.5405406,471.45303
506,0.0032153726,0.48293644,0.9339982,-0.2965395,0.54261696,468.57495
507,0.003225267,0.48137885,0.9281898,-0.32363203,0.5442722,465.71124
508,0.0032352805,0.47982144,0.9224168,-0.35072792,0.5468428,462.86176
509,0.0032452345,0.47826433,0.9166794,-0.37782535,0.5488813,460.02652
510,0.003255546,0.4767073,0.91097647,-0.40492845,0.54920936,457.20514
511,0.0032656789,0.47515053,0.9053082,-0.4320355,0.5508954,454.39777
512,0.0032756329,0.47359413,0.89967483,-0.4591443,0.55083585,451.60458
513,0.0032861233,0.47203782,0.89407504,-0.48626032,0.5546306,448.82498
514,0.003296256,0.47048187,0.88850945,-0.5133795,0.55307114,446.05942
515,0.0033065677,0.4689262,0.8829774,-0.540504,0.5576445,443.30762
516,0.0033171177,0.46737072,0.8774785,-0.5676353,0.55756503,440.5692
517,0.0033273697,0.4658156,0.87201273,-0.59477174,0.56294656,437.84457
518,0.0033373237,0.46426103,0.86658067,-0.6219101,0.5632521,435.1341
519,0.0033481717,0.4627066,0.8611804,-0.6490585,0.56215227,432.43658
520,0.0033587217,0.4611525,0.8558126,-0.6762132,0.5693227,429.75262
521,0.0033690333,0.45959884,0.85047716,-0.7033735,0.56668955,427.0821
522,0.0033795834,0.4580456,0.8451737,-0.73054016,0.5669118,424.42508
523,0.0033902526,0.4564927,0.8399016,-0.75771576,0.5689758,421.78104
524,0.003400743,0.4549403,0.8346614,-0.7848966,0.5742661,419.1507
525,0.0034113526,0.45338833,0.82945234,-0.81208575,0.57329893,416.53333
526,0.003422141,0.45183676,0.8242741,-0.8392834,0.5751227,413.92908
527,0.0034327507,0.45028573,0.8191269,-0.8664881,0.5741384,411.33795
528,0.0034434795,0.44873518,0.8140102,-0.89370155,0.57807916,408.75998
529,0.0034543872,0.44718507,0.8089236,-0.9209249,0.5836171,406.1948
530,0.0034652352,0.44563547,0.80386716,-0.9481572,0.58090425,403.64255
531,0.0034759045,0.4440865,0.798841,-0.9753966,0.5850309,401.10342
532,0.003486991,0.44253796,0.7938441,-1.0026478,0.5884453,398.5769
533,0.0034977794,0.44099006,0.788877,-1.029907,0.5903904,396.06317
534,0.0035090446,0.4394426,0.7839387,-1.057179,0.5883646,393.56192
535,0.0035197735,0.43789586,0.77902985,-1.0844591,0.5911552,391.07367
536,0.00353086,0.43634972,0.7741498,-1.1117501,0.593338,388.59784
537,0.0035420656,0.43480414,0.7692982,-1.1390529,0.5983888,386.13458
538,0.0035529137,0.4332593,0.7644754,-1.1663648,0.59869516,383.6839
539,0.0035644174,0.431715,0.75968045,-1.1936905,0.5994695,381.2455
540,0.0035755634,0.43017137,0.75491357,-1.2210276,0.6004268,378.8194
541,0.003586769,0.42862844,0.75017464,-1.2483763,0.60325277,376.40588
542,0.0035979152,0.4270863,0.74546355,-1.275736,0.6029483,374.0047
543,0.0036095977,0.42554468,0.7407794,-1.3031111,0.6064302,371.61545
544,0.003620863,0.42400384,0.73612267,-1.3304982,0.6112786,369.23834
545,0.0036318302,0.42246392,0.73149353,-1.3578951,0.6093588,366.87372
546,0.0036437511,0.42092457,0.72689074,-1.3853086,0.6143033,364.52087
547,0.003655076,0.41938606,0.7223148,-1.412735,0.61048394,362.18024
548,0.0036668777,0.41784823,0.7177651,-1.4401768,0.6128876,359.85138
549,0.0036782026,0.4163113,0.71324193,-1.4676313,0.6186244,357.53455
550,0.0036899447,0.41477513,0.7087449,-1.4951007,0.6176566,355.22955
551,0.00370121,0.41323996,0.7042742,-1.5225825,0.62223077,352.9367
552,0.0037133694,0.41170543,0.69982874,-1.5500822,0.6246927,350.65518
553,0.0037252307,0.41017175,0.69540876,-1.5775985,0.62304723,348.38544
554,0.0037367344,0.40863904,0.6910146,-1.6051279,0.62510026,346.1275
555,0.0037486553,0.4071072,0.68664557,-1.6326739,0.62445855,343.8811
556,0.0037606359,0.4055762,0.68230146,-1.6602371,0.6266248,341.64627
557,0.003772676,0.40404612,0.6779822,-1.6878171,0.6327747,339.42285
558,0.0037841797,0.4025171,0.67368805,-1.7154117,0.6321115,337.21106
559,0.0037965178,0.40098897,0.6694183,-1.7430243,0.6368951,335.01065
560,0.0038084984,0.3994618,0.665173,-1.770654,0.6373869,332.82178
561,0.0038205981,0.3979356,0.6609519,-1.7983013,0.63875246,330.64407
562,0.0038330555,0.39641032,0.6567547,-1.8259683,0.6411766,328.4776
563,0.0038450956,0.39488608,0.6525814,-1.8536532,0.6442149,326.32227
564,0.0038568974,0.39336303,0.6484323,-1.8813536,0.64632416,324.17844
565,0.0038696527,0.39184085,0.64430636,-1.9090759,0.64191675,322.04553
566,0.0038818717,0.39031976,0.6402041,-1.9368159,0.6473104,319.92383
567,0.0038945675,0.38879964,0.63612473,-1.9645773,0.64922225,317.81287
568,0.003906727,0.3872807,0.6320687,-1.9923573,0.65034795,315.71313
569,0.003919363,0.3857628,0.6280356,-2.0201573,0.6516616,313.6243
570,0.003931761,0.38424608,0.6240254,-2.0479772,0.6514038,311.54642
571,0.0039443374,0.3827305,0.6200379,-2.0758176,0.6524498,309.4793
572,0.0039570928,0.381216,0.6160728,-2.10368,0.65891695,307.42303
573,0.003969729,0.3797027,0.61213017,-2.1315622,0.66160893,305.37756
574,0.003982365,0.37819055,0.60820967,-2.1594667,0.6629061,303.34274
575,0.003995359,0.37667954,0.6043112,-2.1873932,0.6663631,301.3186
576,0.0040083528,0.3751697,0.60043454,-2.2153435,0.6658823,299.305
577,0.004020691,0.37366125,0.59658015,-2.2433124,0.66700435,297.3022
578,0.0040340424,0.37215388,0.592747,-2.2713068,0.66684914,295.30975
579,0.0040468574,0.37064782,0.58893543,-2.2993233,0.67205274,293.32782
580,0.004059911,0.36914304,0.58514535,-2.3273625,0.6739586,291.35638
581,0.004073322,0.3676394,0.5813762,-2.3554275,0.6732213,289.39526
582,0.004086435,0.36613706,0.5776281,-2.3835173,0.6722952,287.4444
583,0.004099369,0.36463612,0.57390124,-2.4116285,0.67405987,285.50406
584,0.0041125417,0.36313656,0.5701953,-2.4397633,0.67785645,283.57394
585,0.0041263103,0.36163813,0.5665096,-2.4679275,0.6815559,281.65393
586,0.0041394234,0.36014116,0.5628447,-2.4961143,0.68252337,279.74414
587,0.004152775,0.3586456,0.5592003,-2.524326,0.6879854,277.8445
588,0.004166484,0.35715127,0.5555759,-2.552566,0.6859697,275.95486
589,0.0041797757,0.35565847,0.551972,-2.5808299,0.6874401,274.07556
590,0.004193485,0.354167,0.5483879,-2.6091216,0.6890465,272.20593
591,0.0042072535,0.35267696,0.54482377,-2.6374397,0.69194484,270.34644
592,0.0042208433,0.35118836,0.5412794,-2.6657853,0.6944399,268.49673
593,0.0042345524,0.34970123,0.5377547,-2.6941576,0.6945617,266.65695
594,0.0042487383,0.34821543,0.5342493,-2.7225604,0.69468415,264.82693
595,0.004262328,0.34673125,0.53076357,-2.7509892,0.7004472,263.00677
596,0.0042764544,0.34524846,0.5272969,-2.779448,0.699844,261.19632
597,0.0042900443,0.34376732,0.5238497,-2.8079329,0.7007556,259.39566
598,0.004304409,0.3422876,0.5204214,-2.836449,0.7008432,257.60464
599,0.0043188334,0.34080932,0.51701176,-2.864996,0.7086073,255.82314
600,0.0043326616,0.3393327,0.51362115,-2.8935714,0.7066053,254.05124
601,0.004346907,0.33785766,0.5102493,-2.9221754,0.7050879,252.28905
602,0.004361391,0.33638415,0.5068959,-2.9508123,0.7120425,250.5362
603,0.004375577,0.33491227,0.5035611,-2.9794786,0.7127968,248.79279
604,0.004390061,0.33344197,0.5002445,-3.008177,0.713885,247.0588
605,0.004404664,0.33197328,0.49694616,-3.0369067,0.71596456,245.33423
606,0.004419148,0.33050624,0.49366587,-3.065669,0.7178425,243.61893
607,0.0044336915,0.32904088,0.49040377,-3.0944622,0.71723706,241.91304
608,0.004448831,0.32757702,0.48715916,-3.123291,0.71863616,240.21619
609,0.0044633746,0.32611492,0.48393252,-3.152152,0.7258084,238.52855
610,0.0044776797,0.3246547,0.480724,-3.1810422,0.7224715,236.85031
611,0.004493177,0.32319596,0.47753254,-3.2099702,0.7276032,235.18106
612,0.0045078993,0.32173902,0.47435874,-3.238931,0.7311268,233.5209
613,0.0045232177,0.32028374,0.47120214,-3.2679274,0.7314253,231.86987
614,0.0045380592,0.31883025,0.46806285,-3.2969584,0.72919667,230.22766
615,0.0045533776,0.31737852,0.46494073,-3.326024,0.73358935,228.5946
616,0.0045683384,0.3159286,0.4618357,-3.355125,0.7305554,226.97032
617,0.004583597,0.3144805,0.45874774,-3.3842607,0.7375561,225.35522
618,0.004599452,0.3130341,0.4556763,-3.413436,0.73747087,223.74863
619,0.004614532,0.31158957,0.45262182,-3.442645,0.74380684,222.15112
620,0.004630089,0.3101469,0.44958398,-3.4718919,0.7476088,220.56223
621,0.0046458244,0.30870602,0.4465626,-3.5011768,0.7519849,218.9821
622,0.0046616197,0.30726695,0.44355753,-3.5305004,0.74215394,217.41061
623,0.0046766996,0.30582994,0.4405692,-3.5598588,0.7453753,215.848
624,0.0046930313,0.30439466,0.4375968,-3.5892587,0.7502221,214.29381
625,0.004708767,0.30296135,0.43464068,-3.6186962,0.75320923,212.74823
626,0.004724741,0.30152994,0.43170062,-3.6481733,0.75346243,211.21124
627,0.0047410727,0.30010036,0.42877623,-3.677693,0.7534665,209.68268
628,0.004756987,0.2986728,0.42586797,-3.7072504,0.75339365,208.16263
629,0.0047730207,0.2972472,0.42297545,-3.7368486,0.756842,206.65103
630,0.004789114,0.29582366,0.42009887,-3.7664852,0.7600159,205.14795
631,0.004805982,0.29440194,0.41723746,-3.7961674,0.7592808,203.65302
632,0.0048220158,0.29298234,0.41439182,-3.8258884,0.76492137,202.1666
633,0.0048387647,0.29156464,0.4115614,-3.8556538,0.76873016,200.68832
634,0.004855156,0.29014906,0.40874648,-3.88546,0.76955974,199.21844
635,0.004871726,0.28873554,0.4059468,-3.915309,0.7726748,197.75656
636,0.004888594,0.28732404,0.40316227,-3.9452014,0.77077615,196.30307
637,0.004905343,0.2859146,0.4003927,-3.9751384,0.7739073,194.85771
638,0.0049226284,0.28450716,0.39763802,-4.005121,0.7688806,193.42029
639,0.004939258,0.2831019,0.39489838,-4.0351467,0.77276033,191.99101
640,0.004956305,0.28169876,0.3921736,-4.065217,0.7731528,190.56976
641,0.0049738884,0.2802976,0.38946322,-4.095336,0.78104156,189.15651
642,0.0049907565,0.27889872,0.38676775,-4.125498,0.77798903,187.75113
643,0.005007684,0.2775021,0.38408703,-4.1557035,0.78013414,186.35391
644,0.005025804,0.27610743,0.38142046,-4.1859603,0.78497124,184.96436
645,0.00504297,0.274715,0.37876835,-4.216263,0.7882286,183.58273
646,0.0050610304,0.27332467,0.37613037,-4.246616,0.7883167,182.20895
647,0.0050781965,0.27193668,0.3735069,-4.277014,0.78841734,180.84296
648,0.005096078,0.27055088,0.3708975,-4.3074613,0.7929746,179.48462
649,0.0051134825,0.26916742,0.36830243,-4.337954,0.7950199,178.13434
650,0.005132258,0.26778597,0.3657209,-4.3685026,0.7942692,176.79135
651,0.0051498413,0.26640692,0.36315352,-4.399098,0.7939779,175.45618
652,0.005168438,0.26503,0.36059976,-4.4297457,0.79969525,174.12842
653,0.0051862597,0.26365548,0.35805994,-4.460443,0.80050886,172.80844
654,0.005204618,0.26228327,0.35553384,-4.4911904,0.79808927,171.49606
655,0.0052233934,0.26091325,0.35302114,-4.521993,0.8009912,170.19101
656,0.0052411556,0.25954577,0.3505224,-4.552842,0.80360806,168.89363
657,0.00526011,0.25818053,0.34803686,-4.583748,0.8069384,167.60365
658,0.0052791834,0.25681755,0.3455646,-4.614708,0.8042649,166.32092
659,0.0052981377,0.2554569,0.34310558,-4.6457224,0.80850303,165.04556
660,0.0053165555,0.25409874,0.34066004,-4.676788,0.8073004,163.77768
661,0.0053355694,0.25274298,0.33822766,-4.707909,0.8160019,162.51709
662,0.0053542852,0.2513897,0.33580855,-4.7390823,0.81462264,161.26384
663,0.005373895,0.25003877,0.33340225,-4.770315,0.8180214,160.0177
664,0.0053937435,0.24869014,0.33100876,-4.801605,0.81585526,158.77884
665,0.0054130554,0.24734397,0.32862815,-4.8329525,0.8214536,157.5471
666,0.005432248,0.24600033,0.32626054,-4.8643546,0.8203376,156.32251
667,0.0054517984,0.24465919,0.32390568,-4.8958144,0.82197785,155.1051
668,0.0054720044,0.2433204,0.32156333,-4.9273353,0.82498133,153.89468
669,0.0054910183,0.24198434,0.31923395,-4.9589095,0.82431966,152.69153
670,0.0055114627,0.24065065,0.3169169,-4.990546,0.8272408,151.49525
671,0.0055319667,0.23931937,0.31461215,-5.022245,0.82823217,150.30579
672,0.005551636,0.23799077,0.31232005,-5.0540013,0.8309447,149.12352
673,0.0055724382,0.23666458,0.3100401,-5.0858216,0.834844,147.94798
674,0.005592406,0.23534104,0.30777258,-5.1177015,0.8344804,146.77948
675,0.0056124926,0.2340202,0.30551746,-5.14964,0.8326341,145.61792
676,0.005633533,0.23270184,0.30327433,-5.1816435,0.8405221,144.46304
677,0.0056547523,0.23138596,0.3010431,-5.2137136,0.83808434,143.31493
678,0.0056755543,0.23007272,0.29882398,-5.2458453,0.8415821,142.17358
679,0.0056961775,0.2287622,0.29661694,-5.27804,0.84420335,141.03902
680,0.0057172775,0.22745429,0.2944218,-5.310301,0.8465321,139.91115
681,0.005738497,0.22614905,0.29223853,-5.3426256,0.8436819,138.79007
682,0.005759895,0.22484645,0.290067,-5.375017,0.8486113,137.67548
683,0.0057813525,0.22354653,0.28790718,-5.4074755,0.8487942,136.56763
684,0.0058034062,0.22224921,0.2857589,-5.440002,0.8509791,135.46625
685,0.005824685,0.22095467,0.28362235,-5.4725957,0.85283625,134.37144
686,0.0058465004,0.21966286,0.28149736,-5.505257,0.85458654,133.28319
687,0.0058689713,0.21837367,0.27938372,-5.537989,0.8494619,132.2014
688,0.0058906674,0.2170873,0.2772816,-5.5707893,0.86020744,131.12602
689,0.005912423,0.21580379,0.27519107,-5.603657,0.85745543,130.05725
690,0.0059357285,0.21452284,0.2731115,-5.6366005,0.8673651,128.99467
691,0.0059577823,0.21324475,0.2710433,-5.6696134,0.86351115,127.93852
692,0.0059808493,0.21196938,0.26898623,-5.7026997,0.86646724,126.88874
693,0.0060031414,0.21069689,0.2669404,-5.7358575,0.863129,125.84533
694,0.006026149,0.2094272,0.26490563,-5.7690883,0.8690778,124.8081
695,0.006048739,0.20816043,0.26288205,-5.8023906,0.86979663,123.77733
696,0.0060727596,0.20689632,0.2608692,-5.835772,0.87266207,122.752556
697,0.0060961843,0.20563504,0.25886723,-5.8692293,0.87132,121.733986
698,0.0061191916,0.20437671,0.25687623,-5.9027615,0.8760381,120.721634
699,0.0061427355,0.20312129,0.25489613,-5.9363675,0.88336515,119.71544
700,0.0061665773,0.20186873,0.2529267,-5.970053,0.88221914,118.71548
701,0.006190896,0.20061898,0.25096792,-6.003818,0.8807677,117.72136
702,0.0062140822,0.1993723,0.24902,-6.0376577,0.87828934,116.73351
703,0.0062392354,0.19812839,0.24708244,-6.071581,0.883958,115.75161
704,0.0062630773,0.1968875,0.24515556,-6.1055827,0.88525915,114.775665
705,0.0062876344,0.19564953,0.24323915,-6.139665,0.88747513,113.80577
706,0.0063127875,0.19441444,0.24133307,-6.173832,0.8906488,112.84163
707,0.006337106,0.19318241,0.23943752,-6.2080774,0.88777554,111.8836
708,0.0063616037,0.19195347,0.2375525,-6.242404,0.89217997,110.93143
709,0.0063877106,0.19072732,0.23567747,-6.276819,0.8947001,109.98505
710,0.0064125657,0.18950427,0.23381278,-6.3113174,0.8983561,109.044495
711,0.0064384937,0.18828414,0.2319582,-6.3459024,0.8969703,108.10982
712,0.006463647,0.18706715,0.23011391,-6.3805714,0.9000776,107.18084
713,0.0064894557,0.18585318,0.2282797,-6.415327,0.8986088,106.25775
714,0.006515503,0.18464226,0.22645551,-6.450171,0.9006763,105.340294
715,0.0065414906,0.18343441,0.22464137,-6.4851027,0.9064263,104.42857
716,0.0065678954,0.18222964,0.22283718,-6.520123,0.9068613,103.52237
717,0.0065948367,0.18102786,0.22104277,-6.5552373,0.90625703,102.621956
718,0.006621003,0.17982928,0.21925837,-6.5904384,0.9140077,101.72717
719,0.0066483617,0.1786337,0.21748361,-6.6257343,0.9125987,100.83782
720,0.006674826,0.17744136,0.21571879,-6.66112,0.9157442,99.95419
721,0.0067014694,0.17625225,0.21396385,-6.6965957,0.91095406,99.07617
722,0.006729424,0.17506617,0.21221845,-6.7321687,0.9149803,98.20356
723,0.006757498,0.17388315,0.21048252,-6.7678394,0.9134797,97.336334
724,0.006785214,0.17270333,0.20875622,-6.8036056,0.9123703,96.47458
725,0.006812632,0.17152676,0.2070396,-6.839466,0.92216575,95.61841
726,0.006840825,0.17035337,0.20533244,-6.8754244,0.9192272,94.76755
727,0.0068690777,0.16918321,0.2036348,-6.9114804,0.9238571,93.92211
728,0.0068970323,0.16801634,0.20194668,-6.9476323,0.92941046,93.08212
729,0.006926894,0.1668525,0.20026766,-6.9838915,0.9319147,92.24722
730,0.006955683,0.16569194,0.19859804,-7.0202503,0.93174344,91.417694
731,0.006984353,0.16453469,0.19693778,-7.0567093,0.9311122,90.5935
732,0.0070136786,0.1633807,0.19528678,-7.0932713,0.9291431,89.77461
733,0.0070436597,0.1622299,0.19364488,-7.12994,0.92762095,88.960945
734,0.0070723295,0.16108255,0.1920124,-7.166707,0.9262046,88.15246
735,0.0071029067,0.1599384,0.19038889,-7.2035837,0.9404335,87.34915
736,0.007133484,0.15879747,0.18877438,-7.2405696,0.93788373,86.550995
737,0.007163346,0.15765996,0.18716902,-7.27766,0.9355438,85.757996
738,0.007194519,0.15652567,0.18557253,-7.3148627,0.94713765,84.96999
739,0.0072247386,0.15539481,0.18398514,-7.352172,0.939521,84.187225
740,0.007255852,0.1542673,0.18240668,-7.3895926,0.9464617,83.40945
741,0.007286489,0.15314323,0.18083723,-7.427121,0.93969524,82.636765
742,0.0073191524,0.15202235,0.17927636,-7.4647694,0.9527676,81.86902
743,0.007350862,0.15090485,0.1777243,-7.5025315,0.9494904,81.10626
744,0.0073822737,0.14979082,0.17618114,-7.5404053,0.9498778,80.34842
745,0.0074144006,0.14868023,0.17464674,-7.578395,0.95094085,79.59564
746,0.0074468255,0.14757302,0.173121,-7.616502,0.9556274,78.847725
747,0.0074795485,0.14646925,0.17160395,-7.654727,0.94880146,78.10466
748,0.0075123906,0.1453689,0.1700955,-7.693072,0.96088296,77.36662
749,0.007546127,0.14427194,0.16859555,-7.7315383,0.9611734,76.63318
750,0.0075790286,0.1431785,0.16710421,-7.770126,0.95744586,75.904724
751,0.0076126456,0.14208853,0.16562144,-7.8088336,0.96030223,75.181
752,0.0076472163,0.14100195,0.164147,-7.8476706,0.9611178,74.46209
753,0.0076807737,0.13991894,0.1626811,-7.8866286,0.96378565,73.74788
754,0.007714689,0.13883951,0.16122374,-7.92571,0.9653224,73.03858
755,0.007750511,0.13776344,0.15977453,-7.964924,0.9640864,72.33388
756,0.007785499,0.13669088,0.15833364,-8.004268,0.9719297,71.63374
757,0.007820189,0.13562194,0.15690117,-8.043738,0.9662877,70.93845
758,0.007855713,0.13455652,0.15547696,-8.08334,0.97283477,70.24766
759,0.007891536,0.13349466,0.15406097,-8.123074,0.97014594,69.56153
760,0.007927716,0.13243636,0.1526532,-8.162941,0.9722122,68.880005
761,0.007963955,0.13138165,0.1512536,-8.202943,0.9779108,68.203064
762,0.0080013275,0.13033041,0.14986199,-8.243085,0.98025805,67.53076
763,0.008037627,0.12928286,0.1484786,-8.283361,0.9828785,66.86289
764,0.008074999,0.1282389,0.14710326,-8.323776,0.98223484,66.19949
765,0.00811249,0.12719858,0.145736,-8.364331,0.98487747,65.54071
766,0.008151054,0.12616177,0.14437658,-8.405032,0.98172396,64.88623
767,0.00818795,0.12512876,0.14302534,-8.445869,0.9862468,64.23628
768,0.008227646,0.12409925,0.14168186,-8.486857,0.9872328,63.590725
769,0.008265972,0.123073444,0.14034635,-8.527988,0.9872349,62.94967
770,0.008305669,0.12205124,0.13901864,-8.569269,0.9880717,62.312782
771,0.008344531,0.121032774,0.13769884,-8.610697,0.9857557,61.680363
772,0.008384287,0.120018005,0.13638689,-8.652274,0.9891068,61.052345
773,0.008424401,0.119006924,0.1350827,-8.694002,0.9951653,60.428596
774,0.008464932,0.11799954,0.13378626,-8.735885,0.9939686,59.80917
775,0.008506358,0.11699579,0.13249743,-8.777925,0.99679494,59.193962
776,0.008546948,0.11599583,0.13121639,-8.820119,1.0001433,58.58307
777,0.008588374,0.11499962,0.12994303,-8.862469,0.9957061,57.97644
778,0.008630276,0.11400714,0.12867726,-8.904982,1.0022379,57.373837
779,0.008672535,0.11301841,0.12741911,-8.947654,0.9990412,56.77569
780,0.008715153,0.112033434,0.12616852,-8.99049,1.0088303,56.181503
781,0.008758783,0.11105216,0.1249254,-9.033493,1.0122442,55.591476
782,0.00880146,0.110074736,0.12368987,-9.076658,1.0123825,55.005737
783,0.00884521,0.10910111,0.12246183,-9.119992,1.0095873,54.424
784,0.008890033,0.10813119,0.12124114,-9.163501,1.0171819,53.846367
785,0.008933842,0.107165165,0.12002798,-9.207175,1.0137818,53.272804
786,0.008978784,0.10620295,0.118822224,-9.251023,1.0119984,52.70342
787,0.009024143,0.10524456,0.117623836,-9.295047,1.0184399,52.13794
788,0.00906986,0.10429001,0.116432786,-9.339248,1.0168536,51.57646
789,0.00911665,0.10333923,0.11524898,-9.38363,1.0242425,51.01897
790,0.009162605,0.102392375,0.11407253,-9.428189,1.0166016,50.46556
791,0.009209633,0.10144938,0.11290335,-9.472932,1.023858,49.916084
792,0.009257019,0.10051026,0.111741416,-9.5178585,1.0201097,49.370377
793,0.009304881,0.09957503,0.1105867,-9.56297,1.022395,48.828823
794,0.00935322,0.098643675,0.10943916,-9.608273,1.0277596,48.291107
795,0.009402692,0.09771616,0.10829869,-9.653769,1.0258195,47.757103
796,0.0094512105,0.09679262,0.10716545,-9.699451,1.0334876,47.227173
797,0.00950098,0.095873,0.1060393,-9.745331,1.028808,46.70092
798,0.009551883,0.09495723,0.104920164,-9.79141,1.0349587,46.178658
799,0.009601772,0.094045475,0.103808165,-9.837686,1.0291841,45.660034
800,0.009652197,0.09313773,0.10270329,-9.884156,1.034627,45.145363
801,0.009705305,0.0922338,0.10160524,-9.93084,1.0333713,44.634304
802,0.0097568035,0.091333896,0.10051425,-9.977724,1.0415161,44.12713
803,0.00981009,0.0904379,0.09943015,-10.024819,1.0406816,43.62361
804,0.009862661,0.08954594,0.098353066,-10.072121,1.0440199,43.123844
805,0.009916306,0.088657975,0.09728288,-10.119637,1.0450242,42.62773
806,0.009969771,0.087774076,0.096219674,-10.167361,1.0456368,42.135406
807,0.010026157,0.08689404,0.09516315,-10.215311,1.0432577,41.646664
808,0.01008147,0.08601802,0.09411348,-10.263482,1.0472643,41.16159
809,0.010136545,0.08514609,0.09307069,-10.311871,1.0504409,40.68005
810,0.01019299,0.0842782,0.09203473,-10.360481,1.0401332,40.20221
811,0.010250151,0.08341434,0.0910055,-10.409325,1.0446182,39.72802
812,0.010308504,0.08255446,0.08998296,-10.458398,1.0534636,39.257244
813,0.0103651285,0.081698775,0.08896729,-10.507696,1.0507326,38.79029
814,0.010425627,0.08084701,0.087958165,-10.557238,1.0539644,38.32663
815,0.010484219,0.079999395,0.08695581,-10.607014,1.0608151,37.866634
816,0.0105443,0.079155855,0.0859601,-10.65703,1.0571134,37.410095
817,0.010605931,0.07831634,0.08497095,-10.707294,1.0541995,36.956932
818,0.01066643,0.07748098,0.08398849,-10.757803,1.0595057,36.507454
819,0.010728538,0.076649725,0.08301262,-10.808558,1.0677681,36.061295
820,0.010791123,0.075822584,0.08204332,-10.859568,1.066716,35.618668
821,0.010855377,0.074999504,0.081080504,-10.910835,1.0673041,35.17943
822,0.010918558,0.07418062,0.08012429,-10.9623575,1.0662564,34.743553
823,0.010983348,0.07336587,0.07917458,-11.014142,1.0625575,34.31117
824,0.011048853,0.07255526,0.07823136,-11.066191,1.0647441,33.88212
825,0.011115074,0.0717488,0.077294596,-11.118508,1.0729152,33.45636
826,0.011181951,0.07094651,0.076364286,-11.171097,1.0737474,33.034027
827,0.011250496,0.07014833,0.07544034,-11.223964,1.0751255,32.61508
828,0.011318207,0.06935437,0.07452285,-11.277105,1.0722289,32.19928
829,0.011387348,0.06856461,0.073611766,-11.330528,1.0772134,31.78694
830,0.011457384,0.067779034,0.07270705,-11.384234,1.0790291,31.377802
831,0.011529148,0.0669976,0.07180861,-11.438235,1.0764467,30.971897
832,0.011599958,0.06622043,0.070916556,-11.492523,1.07714,30.569273
833,0.011672437,0.06544748,0.070030816,-11.547109,1.0840776,30.169928
834,0.0117458105,0.06467874,0.069151364,-11.601992,1.0789056,29.773825
835,0.011820793,0.063914195,0.068278134,-11.657185,1.0886879,29.380968
836,0.01189518,0.06315392,0.06741121,-11.712679,1.0835589,28.991219
837,0.011971056,0.0623979,0.066550516,-11.768485,1.0874101,28.604671
838,0.012048006,0.06164613,0.06569603,-11.824608,1.082453,28.221195
839,0.01212579,0.060898624,0.06484776,-11.88105,1.0841082,27.840979
840,0.012205601,0.06015532,0.0640056,-11.9378195,1.0884719,27.463923
841,0.012284398,0.059416346,0.06316966,-11.994915,1.0931623,27.089878
842,0.012365162,0.058681656,0.06233986,-12.052341,1.0925982,26.71906
843,0.01244688,0.05795125,0.06151619,-12.1101055,1.0986594,26.351213
844,0.0125306845,0.057225082,0.060698565,-12.168216,1.097367,25.986586
845,0.012613475,0.056503274,0.059887093,-12.226667,1.0959969,25.624884
846,0.012698412,0.05578577,0.05908169,-12.285471,1.0995555,25.26622
847,0.012784302,0.05507259,0.058282353,-12.344628,1.1062601,24.910711
848,0.012871444,0.054363728,0.057489045,-12.404148,1.1021053,24.558212
849,0.012960553,0.053659145,0.05670171,-12.464038,1.1024184,24.208677
850,0.013049006,0.052958943,0.05592043,-12.524295,1.1060438,23.862127
851,0.013139486,0.052263092,0.05514515,-12.584927,1.0999546,23.51853
852,0.013231158,0.05157159,0.05437584,-12.64594,1.1057321,23.17801
853,0.0133241415,0.050884444,0.053612486,-12.70734,1.1009965,22.840399
854,0.01341939,0.050201606,0.05285501,-12.769137,1.106598,22.505684
855,0.0135138035,0.04952319,0.052103523,-12.831329,1.1104629,22.173874
856,0.013610482,0.048849154,0.051357947,-12.893924,1.112798,21.845032
857,0.013708651,0.0481795,0.05061826,-12.956928,1.1174024,21.519184
858,0.0138091445,0.04751418,0.049884398,-13.020352,1.11678,21.196047
859,0.01390779,0.046853364,0.049156513,-13.084188,1.114053,20.87586
860,0.0140122175,0.046196844,0.048434358,-13.148464,1.1205087,20.558624
861,0.0141147375,0.04554479,0.0477181,-13.213167,1.1210938,20.244143
862,0.01421994,0.044897143,0.04700765,-13.278314,1.123138,19.932451
863,0.014327645,0.044253875,0.04630296,-13.343911,1.1230636,19.62364
864,0.014434695,0.043615084,0.045604113,-13.409959,1.1211214,19.317694
865,0.014544547,0.042980723,0.04491103,-13.476469,1.1261072,19.014484
866,0.014655888,0.042350803,0.044223715,-13.5434475,1.1268163,18.714102
867,0.014768958,0.041725323,0.04354213,-13.610903,1.1232021,18.416542
868,0.01488471,0.041104253,0.042866237,-13.678846,1.1259308,18.121683
869,0.014999986,0.04048769,0.042196117,-13.747273,1.1267843,17.829594
870,0.015118182,0.03987559,0.04153169,-13.816203,1.1344177,17.540173
871,0.015238106,0.03926796,0.040872958,-13.885639,1.1316934,17.253622
872,0.015359938,0.03866481,0.040219907,-13.955588,1.1315427,16.969707
873,0.01548481,0.038066093,0.039572462,-14.026069,1.1323228,16.688519
874,0.015609324,0.037471905,0.038930714,-14.097075,1.1351721,16.409935
875,0.015736818,0.036882218,0.03829461,-14.168623,1.1408939,16.13415
876,0.015866518,0.036297023,0.03766412,-14.240721,1.140613,15.861074
877,0.015999436,0.03571629,0.037039194,-14.313383,1.1413376,15.590553
878,0.016130745,0.035140164,0.03641997,-14.386604,1.1397877,15.322685
879,0.016269267,0.03456846,0.035806224,-14.460413,1.1396432,15.057484
880,0.016406298,0.034001317,0.035198096,-14.534807,1.1404793,14.79504
881,0.016548038,0.033438664,0.034595493,-14.609804,1.1488667,14.535053
882,0.016689658,0.032880582,0.03399847,-14.685406,1.1456318,14.277689
883,0.016834855,0.03232704,0.03340699,-14.761625,1.1461294,14.02306
884,0.016982555,0.031778045,0.032821033,-14.838476,1.149621,13.770891
885,0.017132819,0.0312336,0.03224059,-14.91597,1.1481223,13.521261
886,0.017287016,0.030693663,0.031665597,-14.994122,1.1534115,13.274216
887,0.017441273,0.030158326,0.031096134,-15.072935,1.1552745,13.02981
888,0.017599463,0.029627556,0.03053215,-15.152426,1.1528525,12.7879505
889,0.017760515,0.029101355,0.029973628,-15.232606,1.1522348,12.548584
890,0.017924488,0.028579729,0.02942056,-15.31349,1.1573558,12.3117485
891,0.01809138,0.028062683,0.028872935,-15.395089,1.1567738,12.077509
892,0.018262684,0.027550183,0.028330699,-15.477427,1.158164,11.845644
893,0.018434405,0.02704231,0.027793923,-15.560501,1.1593932,11.616341
894,0.018610716,0.026539035,0.027262557,-15.644333,1.1567754,11.389509
895,0.018791735,0.02604032,0.026736548,-15.728946,1.16611,11.165131
896,0.01897335,0.025546247,0.026215967,-15.814341,1.1560313,10.943277
897,0.019159913,0.025056783,0.025700761,-15.900539,1.1567998,10.723858
898,0.019349992,0.024571935,0.025190925,-15.987557,1.171325,10.506828
899,0.019543886,0.024091704,0.024686443,-16.075413,1.1669786,10.292328
900,0.019743085,0.023616059,0.024187267,-16.164131,1.1725868,10.080214
901,0.019943178,0.02314508,0.023693467,-16.253714,1.169134,9.870613
902,0.020148814,0.022678735,0.023204995,-16.344183,1.1678696,9.663353
903,0.020358622,0.022217026,0.022721838,-16.435564,1.1685853,9.458437
904,0.0205729,0.021759957,0.022243986,-16.527872,1.1683617,9.255985
905,0.02079308,0.021307502,0.021771397,-16.621136,1.1757746,9.055876
906,0.02101469,0.020859731,0.021304129,-16.71536,1.1761011,8.858215
907,0.021242619,0.020416616,0.020842142,-16.810574,1.1765625,8.66296
908,0.021475434,0.01997816,0.020385424,-16.906801,1.1742095,8.4698925
909,0.021715045,0.019544333,0.01993393,-17.004068,1.1816022,8.279341
910,0.021956563,0.019115208,0.01948772,-17.102388,1.176882,8.091084
911,0.022205055,0.018690752,0.01904675,-17.20179,1.1843567,7.905205
912,0.02245903,0.018270977,0.018611018,-17.302298,1.1870039,7.721592
913,0.022719026,0.017855877,0.018180506,-17.403938,1.1869453,7.540331
914,0.022986531,0.017445434,0.01775518,-17.506748,1.1870887,7.361429
915,0.023256898,0.017039707,0.017335093,-17.610737,1.1820376,7.1847706
916,0.02353537,0.01663867,0.0169202,-17.715942,1.1808068,7.0104446
917,0.023820221,0.016242335,0.016510503,-17.822395,1.1865773,6.8383274
918,0.024114072,0.015850665,0.016105955,-17.930134,1.185241,6.6685295
919,0.02441132,0.015463729,0.015706612,-18.039173,1.1857275,6.5011597
920,0.024717748,0.015081501,0.015312435,-18.149555,1.1863449,6.3358345
921,0.025031805,0.014703983,0.014923417,-18.261314,1.1886334,6.172947
922,0.025353849,0.014331181,0.014539549,-18.374489,1.1979814,6.0122147
923,0.025686085,0.013963069,0.014160797,-18.48912,1.1947156,5.853771
924,0.02602309,0.013599707,0.013787209,-18.605234,1.1950152,5.6975594
925,0.026371002,0.013241068,0.013418747,-18.72288,1.1936581,5.5436306
926,0.026728034,0.012887161,0.013055408,-18.842093,1.194577,5.3919296
927,0.0270949,0.012537985,0.012697182,-18.962925,1.1936635,5.24238
928,0.027473867,0.012193518,0.012344034,-19.085426,1.1994143,5.095045
929,0.027859151,0.011853817,0.011996016,-19.209625,1.2008417,4.9499283
930,0.02825749,0.011518857,0.011653087,-19.335587,1.2016368,4.807167
931,0.028667212,0.011188644,0.011315246,-19.463356,1.2046962,4.6663475
932,0.02909112,0.010863154,0.010982458,-19.593,1.2062159,4.5278816
933,0.029522955,0.010542441,0.010654769,-19.724556,1.2034361,4.3915615
934,0.02997005,0.010226484,0.010332146,-19.858091,1.2094529,4.2574635
935,0.030430794,0.009915284,0.0100145815,-19.993668,1.2046751,4.125534
936,0.030905664,0.009608845,0.009702072,-20.13135,1.2044829,3.9956532
937,0.031395435,0.009307172,0.009394609,-20.271208,1.1995099,3.8680744
938,0.031903386,0.009010241,0.009092164,-20.413322,1.209313,3.7426357
939,0.03242284,0.008718104,0.008794778,-20.557747,1.2057401,3.619215
940,0.032961726,0.00843074,0.008502421,-20.70457,1.2099726,3.4980927
941,0.03351891,0.0081481505,0.008215088,-20.853872,1.2131578,3.3790798
942,0.034097612,0.007870318,0.007932751,-21.005754,1.2103093,3.2620726
943,0.034691036,0.007597289,0.0076554497,-21.160288,1.2206478,3.1473389
944,0.035308123,0.007329043,0.0073831547,-21.317575,1.2179482,3.0346727
945,0.035947382,0.007065583,0.007115861,-21.47772,1.2233407,2.924141
946,0.03661281,0.006806892,0.006853543,-21.640842,1.21457,2.815714
947,0.037297428,0.0065530124,0.0065962374,-21.807032,1.2118926,2.709405
948,0.038010895,0.0063039265,0.006343918,-21.976418,1.2206011,2.605173
949,0.03875202,0.006059637,0.00609658,-22.149132,1.2230785,2.5031261
950,0.03952241,0.0058201454,0.005854218,-22.325304,1.2279848,2.4031887
951,0.040326834,0.005585437,0.0056168097,-22.505095,1.2181184,2.305192
952,0.04115826,0.0053555504,0.0053843865,-22.688633,1.2252476,2.209402
953,0.042027712,0.005130469,0.0051569263,-22.876083,1.2270681,2.1156464
954,0.042934418,0.0049101952,0.004934424,-23.067627,1.2239088,2.0239754
955,0.04388106,0.0046947305,0.004716875,-23.263447,1.2241542,1.9343271
956,0.044873357,0.004484062,0.004504259,-23.463757,1.2280169,1.8468843
957,0.045904458,0.004278224,0.004296606,-23.668737,1.2330565,1.7613411
958,0.046987414,0.0040772012,0.004093893,-23.878628,1.2290162,1.6779685
959,0.048122406,0.0038809965,0.0038961172,-24.09367,1.2338159,1.5966425
960,0.049317062,0.0036895971,0.0037032606,-24.314146,1.2257252,1.5173149
961,0.050564647,0.003503034,0.0035153483,-24.540306,1.2293686,1.4401503
962,0.051880717,0.003321294,0.0033323618,-24.772465,1.235049,1.3648729
963,0.053266823,0.0031443792,0.0031542976,-25.01096,1.2306633,1.2917452
964,0.054728687,0.0029722915,0.0029811524,-25.256145,1.2357669,1.2207422
965,0.056277156,0.0028050195,0.0028129097,-25.508427,1.239166,1.1516514
966,0.05790651,0.0026425906,0.0026495922,-25.768194,1.2367527,1.0846591
967,0.059637368,0.0024849933,0.0024911838,-26.035927,1.2362056,1.0196772
968,0.06147462,0.0023322294,0.0023376814,-26.31213,1.234174,0.95668316
969,0.06343305,0.0021842888,0.0021890702,-26.597383,1.246582,0.8958111
970,0.065509915,0.0020411962,0.0020453713,-26.89226,1.238795,0.8369045
971,0.06773245,0.0019029411,0.0019065692,-27.197453,1.2376151,0.7800274
972,0.07011062,0.0017695248,0.0017726616,-27.513718,1.234595,0.72509646
973,0.0726614,0.0016409486,0.0016436458,-27.841892,1.2386165,0.6722803
974,0.07541001,0.0015172047,0.00151951,-28.182936,1.2433784,0.621469
975,0.078362346,0.0013983129,0.0014002708,-28.53785,1.2511189,0.57258224
976,0.08156115,0.001284265,0.0012859164,-28.907837,1.241988,0.52570474
977,0.08503151,0.0011750619,0.0011764443,-29.29425,1.2373381,0.48091197
978,0.08880991,0.0010707048,0.0010718524,-29.69861,1.2483108,0.43820167
979,0.092945874,0.0009711872,0.0009721313,-30.122707,1.2435932,0.39743042
980,0.097470164,0.0008765254,0.0008772944,-30.5685,1.2430086,0.35850632
981,0.102464736,0.00078671245,0.00078733184,-31.038368,1.240905,0.32181227
982,0.107997775,0.0007017493,0.0007022421,-31.53507,1.2515233,0.28696132
983,0.114169836,0.0006216307,0.00062201737,-32.061905,1.2534256,0.25414598
984,0.121070206,0.0005463697,0.0005466684,-32.62268,1.2531912,0.22340441
985,0.12886679,0.0004759608,0.00047618744,-33.22213,1.2528834,0.19452906
986,0.13773435,0.00041040467,0.00041057315,-33.86599,1.2534904,0.16770327
987,0.14790952,0.0003497019,0.00034982423,-34.56138,1.2517114,0.14294672
988,0.15971565,0.00029384904,0.00029393542,-35.317333,1.2572783,0.120011866
989,0.17353785,0.00024285511,0.0002429141,-36.145294,1.2561994,0.09917402
990,0.18998528,0.00019671621,0.0001967549,-37.060524,1.2574587,0.08037108
991,0.20986295,0.00015543276,0.00015545693,-38.08362,1.2620921,0.06349702
992,0.23434556,0.00011900779,0.000119021955,-39.243362,1.2588933,0.04858151
993,0.2653101,8.743382e-05,8.744147e-05,-40.58233,1.2585745,0.03575149
994,0.30556482,6.071712e-05,6.072081e-05,-42.165913,1.2697154,0.024819344
995,0.35999227,3.8859427e-05,3.8860937e-05,-44.103752,1.266213,0.015877932
996,0.43749225,2.1858728e-05,2.1859207e-05,-46.60167,1.2648038,0.008955371
997,0.5555806,9.714443e-06,9.714538e-06,-50.12131,1.2688291,0.0040035974
998,0.7499682,2.4289197e-06,2.4289257e-06,-56.128014,1.2692244,0.0009632157
999,0.999,2.4288886e-09,2.4288886e-09,-79.05568,1.2718853,0.0
